{
    "vertices": [
        {
            "name": "Q",
            "x": -4.814409255981445,
            "y": -0.5186312198638916
        },
        {
            "name": "Q2",
            "x": -4.73773193359375,
            "y": 0.46539434790611269
        },
        {
            "name": "Teeest",
            "x": -7.395956039428711,
            "y": 0.7281005382537842
        }
    ]
}